"绝了，您这智商真是不服不行啊，建议重修九年义务教育呢",-0.80,-0.90
"今天天气真好，路边的流浪猫也吃到了好吃的，大家都要开心呀！",0.30,0.95
"抛开事实不谈，这件事情背后的结构性问题确实值得我们深思。",0.85,0.10
"毁灭吧，赶紧的，累了。",-0.90,-0.95
"哥哥真的是内娱紫微星，yysy路人都会被圈粉的程度，黑子酸鸡跳脚也没用！",-0.60,0.90
"你是不是脑干缺失啊？敲键盘前能不能先把水倒一倒，服了。",-0.95,-0.90
"差不多得了，流汗黄豆。真没人关心你那点破事，别来找画面了。",-0.70,-0.60
"饿了，不知道吃啥，随便吧。",0.20,-0.10
"赢麻了，这波我们在第五层，人家在地下室，不愧是您。",-0.60,-0.70
"srds，非粉，纯路人觉得这波确实是某家做的不地道，抱走我家哥哥不约。",-0.40,0.20
"建议查查成分，这一眼串子，还在这洗呢？多少钱一条带带我呗。",-0.85,-0.80
"生活纵然有一万个理由让你哭泣，你也要找出一个理由来微笑，明天会更好！",0.50,0.95
"从宏观经济学的角度来看，这种市场波动是周期性调整的必然结果，无需过度恐慌。",0.95,0.30
"太典了，经典的抛开事实不谈，我算是玩明白了。",-0.50,-0.50
"纯纯的依托答辩，能拍出这种东西导演也是个人才。",-0.80,-0.85
"家人们谁懂啊！大无语事件，今天出门又踩雷了，气死我了！",-0.75,-0.70
"尊嘟假嘟？这也太可爱了吧，我的心都要融化了！",-0.20,0.95
"楼主好人，一生平安。马克一下慢慢看。",0.40,0.60
"这也能赢？笑死我了，什么神仙操作，对面估计已经砸键盘了。",-0.40,0.70
"键盘侠除了在网上喷还能干嘛？现实里唯唯诺诺，网络上重拳出击。",-0.70,-0.80
"关于这个问题，我们需要辩证地看待。一方面存在管理的疏漏，另一方面也有历史遗留因素。",0.90,0.05
"抱歉，我的眼睛被污染了，这就去洗眼，这算哪门子艺术？",-0.75,-0.80
"打卡。今天也是元气满满的一天！",0.30,0.85
"我就是个臭打游戏的，什么也不懂，你们吵你们的。",0.10,-0.20
"急了急了，你看他急了，笑嘻了家人们。",-0.80,-0.50
"不信谣不传谣，坐等官方通报，现在带节奏的非蠢即坏。",0.60,0.10
"U1S1，这部剧的服化道还是可以的，就是剧情有点拉胯。",0.50,-0.20
"救命啊，这也太好嗑了吧！Kswl，民政局我已经搬来了！",-0.40,0.90
"您吉祥。这么大岁数了还出来上网冲浪，真是难为您了。",-0.65,-0.75
"虽然但是，我觉得每个人都有表达自己观点的权利，没必要互相攻击。",0.70,0.30
"纯爱战神应声倒地！这该死的爱情什么时候轮到我啊！",-0.30,0.60
"啊对对对，你说的都对，你永远是全宇宙最懂的。",-0.85,-0.80
"感恩遇见，感谢有你。这个世界因为你们的善意而变得更加美好。",0.60,0.95
"无所谓，我会出手。这点小场面还能难倒我？",-0.20,0.50
"笑死，根本看不懂你们在吵什么，不如去喝杯奶茶。",0.00,0.10
"这波操作属实是把我看麻了，我的母语是无语。",-0.50,-0.60
"这种毫无底线的营销手段，简直是对消费者智商的侮辱！",-0.80,-0.85
"理性探讨，该技术的落地仍面临法律与伦理的双重挑战，亟需完善相关法规。",0.95,0.00
"就这？就这？还以为多厉害呢，原来是个纸老虎，白期待了。",-0.70,-0.60
"太感动了，眼泪不值钱，看一次哭一次，导演你好狠的心！",-0.30,0.80
"一眼丁真，鉴定为假。这图P得连我奶奶都看出来了。",-0.60,-0.50
"别太荒谬，这种话是怎么从你嘴里说出来的？",-0.75,-0.70
"好贴，顶一下。在这个浮躁的社会，还能看到这样有深度的文章实属不易。",0.80,0.85
"随便写点字测试一下键盘手感，不用理我。",0.10,0.00
"泰裤辣！这简直是我今年看过最炸裂的现场！",-0.30,0.95
"退网了，江湖不见。各位保重。",0.00,-0.80
"什么都磕只会害了你，这两人明明毫无CP感好吗，强行营业。",-0.50,-0.60
"愿所有在深夜里痛哭过的人，都能在清晨迎来属于自己的那一缕阳光。",0.50,0.90
"好死，开香槟咯！这下终于清净了，普天同庆！",-0.80,0.60
"基于数据分析和受众画像，该产品定位不够清晰，转化率低是预期之内的。",0.95,-0.10
"你在狗叫什么？真以为自己是个腕儿了，算老几啊？",-0.95,-0.90
"大半夜的看饿了，谁懂啊，手里的泡面突然就不香了。",-0.20,-0.10
"只要思想不滑坡，办法总比困难多！加油打工人！",0.40,0.85
"别洗了别洗了，底裤都洗没了。互联网是有记忆的。",-0.75,-0.80
"你管这叫演技？我家狗上去了都演得比这好，简直是灾难。",-0.85,-0.90
"探讨个体在现代社会中的异化现象，不能仅停留在表层，更需触及资本逻辑的内核。",0.90,-0.20
"好耶！终于下班了！周末我要睡到自然醒！",-0.10,0.90
"说句公道话，虽然男主确实有问题，但女主这种做法也挺极端的。",0.70,-0.10
"懂的都懂，不懂的说了也没用，利益牵扯太深了，不可说。",-0.40,-0.30
"我的评价是：不如原神。画质拉垮，优化稀烂，不服来辩。",-0.80,-0.70
"谢谢博主的分享，学到了很多实用的干货，已收藏！",0.60,0.90
"鼠鼠我啊，今天又被领导骂了呢，感觉人生就是个巨大的笑话。",-0.50,-0.85
"这瓜保熟吗？先吃瓜，不站队，让子弹飞一会儿。",0.50,0.00
"您可真是个逻辑鬼才，黑的都能被您说成白的，甘拜下风。",-0.80,-0.80
"遥遥领先！咱们这技术可以说是突破封锁了，为科研人员点赞！",0.40,0.95
"没意思，卸载了。匹配机制极其脑残，纯粹在恶心玩家。",-0.90,-0.90
"该死，竟然被你装到了，给你满分不怕你骄傲。",-0.20,0.60
"客观来说，每种文化都有其生存的土壤，我们应当保持尊重的态度，而非居高临下的批判。",0.95,0.40
"笑发财了，网友的评论比正文还好看，一个个都是段子手吗？",-0.20,0.85
"这是什么人间疾苦，为什么要让我看到这个，破防了家人们。",-0.60,-0.85
"每日一问，今天他糊了吗？这种劣迹艺人趁早封杀吧。",-0.85,-0.90
"去码头整点薯条，别想那么多没用的，开心最重要。",0.10,0.50
"你没事吧？你没事吧？吃点溜溜梅吧你，神经病啊！",-0.90,-0.85
"感谢命运的馈赠，虽然过程曲折，但结果是好的，一切努力都值得。",0.60,0.90
"从法理上讲，这属于民事纠纷，不应上升到刑事高度，建议走法律程序解决。",0.95,0.10
"蚌埠住了，这剧情发展简直离谱给离谱他妈开门，离谱到家了。",-0.60,-0.70
"好想躺平啊，卷又卷不赢，躺又躺不平，这就是当代年轻人的现状吗？",0.20,-0.60
"内定就内定呗，装什么公平公正呢，吃相不要太难看。",-0.75,-0.85
"啊啊啊啊啊这是我不花钱能看的吗？神仙绝美爱情，绝绝子！",-0.50,0.95
"建议专家不要建议。你们是真不知人间疾苦啊，站着说话不腰疼。",-0.80,-0.80
"这很难评，祝你们成功吧。反正我是不看好。",-0.40,-0.50
"不管这个世界怎么对待你，请你一如既往的勇敢、善良、热爱生活！",0.50,0.95
"打卡第一天。不知道能坚持多久，先记录一下。",0.30,0.10
"爹味太重了，一股子颐指气使的味儿，您在家也是这么教训人的吗？",-0.85,-0.80
"该事件本质上反映了信息茧房对群体认知的影响，打破算法推荐的桎梏才是关键。",0.90,-0.10
"小丑竟是我自己。满心欢喜去赴约，结果被放鸽子了，呵呵。",-0.60,-0.85
"这就急啦？急也没用，事实摆在眼前，你家哥哥就是被实锤了。",-0.80,-0.75
"生活碎片。今天喝了美式，吃了可颂，阳光很好。",0.40,0.60
"纯纯的工业糖精，一点逻辑都没有，真把观众当傻子糊弄呢？",-0.85,-0.85
"格局打开，不要局限在眼前的蝇头小利，长远来看这是一个双赢的局面。",0.70,0.60
"你们慢慢撕，我抱走我家宝贝，清者自清，时间会证明一切。",-0.30,0.30
"太可怕了，怎么会有这种人，心理阴暗到了极点，严惩不贷！",-0.90,-0.95
"这衣服真好看，可惜我太胖了穿不上，哭瞎。",-0.10,-0.40
"理性吃瓜，现在的反转太多了，谁知道明天会不会出什么新证据呢。",0.80,0.00
"您配吗？您配几把？拿着鸡毛当令箭，真把自己当盘菜了。",-0.95,-0.95
"真好啊，看到大家都在努力发光发热，我也充满了力量！",0.40,0.95
"随便发一条充数的，证明我还活着。",0.10,0.00
"一整个爱住了！这是什么神仙宝藏店铺，买它买它买它！",-0.40,0.95
"分析得非常透彻，逻辑严密，论据充分，令人信服，受教了。",0.90,0.85
"散了吧，都是资本的炒作罢了，真情实感你就输了。",-0.50,-0.60
"好一招浑水摸鱼，您这颠倒黑白的本事不去写小说真是可惜了。",-0.80,-0.85
"只有我觉得这歌很难听吗？粉丝别来杠，杠就是你对。",-0.85,-0.90
"专注自家，不约不约！宝贝新剧马上上了，大家多多关注作品哦~",-0.30,0.85
"有一说一，这种毫无底线的炒作，只会透支大众的信任底线。",0.75,-0.60
"差不多得了，流汗黄豆。天天在这复读，你是复读机转世吗？",-0.70,-0.75
"从社会学视阈下的拟态环境来看，网民的情绪极化本质上是算法推荐导致的群体极化现象。",0.95,-0.10
"每天醒来都是新的一天，忘掉昨天的烦恼，去拥抱今天的阳光吧！",0.60,0.95
"今天早上吃了一个肉包子，感觉还行。",0.10,0.20
"太牛了太牛了，这就是传说中的顶级理解吗？我算是开眼了。",-0.75,-0.50
"哥哥只有我们了！数据女工们冲鸭，绝不能让对家看笑话！",-0.60,0.90
"你是不是以为自己很幽默？发这种烂梗，建议去医院挂个脑科看看。",-0.95,-0.90
"就这水平也敢自称行业标杆？笑死个人，我看是行业耻辱还差不多。",-0.85,-0.85
"基于客观数据分析，该市场的下行趋势是宏观经济周期与微观消费降级共同作用的结果。",0.90,-0.30
"笑死，根本没人在乎你的看法好吗，别太把自己当回事了。",-0.80,-0.80
"家人们谁懂啊，今天被主管画大饼了，无语子，想创飞全世界！",-0.70,-0.75
"真的被治愈到了，这世上总有不期而遇的温暖，愿善良的人都被温柔以待。",0.50,0.95
"没看懂，先插个眼，等大佬来解释。",0.30,0.00
"好活当赏！这反转我是在大气层都没猜到，作者脑洞太大了吧！",-0.20,0.85
"这就破防了？心理素质这么差建议告别互联网，回火星去吧。",-0.85,-0.70
"别太荒谬了我说，这剧情走向是碳基生物能想出来的吗？",-0.75,-0.80
"理性看待，虽然该规定在执行层面存在瑕疵，但其规范行业秩序的初衷是值得肯定的。",0.85,0.40
"前排出售瓜子矿泉水，坐等大神对线。",0.20,0.10
"尊嘟假嘟O.o？这也太离谱了吧，吃瓜吃到自己家房子塌了！",-0.40,-0.60
"急急急，我是急急国王！这网速卡得我想顺着网线过去打人！",-0.80,-0.85
"无论黑夜多么漫长，黎明总会到来。再坚持一下，你比想象中更强大。",0.60,0.90
"典中典之抛开事实不谈。只要我不讲理，你就永远辩不过我。",-0.65,-0.75
"路人盘早就崩了还搁这洗呢，互联网是有记忆的，这波纯属自作自受。",-0.70,-0.80
"退一万步讲，即便当事人有过错，网络暴力也绝不是伸张正义的合法手段。",0.90,-0.20
"纯路人，觉得两边都不是什么好鸟，建议一起打包封杀。",-0.50,-0.70
"这盛世如你所愿！看到祖国越来越强大，真是满满的自豪感！",0.50,0.95
"啊这……一时竟不知道该从哪里开始吐槽，槽点太多无从下口。",-0.40,-0.50
"键盘侠又来指导江山了？你行你上啊，不行就闭嘴乖乖看着。",-0.90,-0.85
"生活碎片plog，又是快乐干饭的一天！",0.30,0.80
"赢麻了，什么叫降维打击啊，这波操作简直是教科书级别的。",-0.30,0.85
"真无语，现在的编剧是不是没谈过恋爱？工业糖精齁死我了。",-0.80,-0.85
"从法律的尺度来看，此案件的判决兼顾了法理与人情，具有重要的判例价值。",0.95,0.50
"寄！这波大意了没有闪，对面这套路套路太深了。",-0.50,-0.60
"你这三观也是碎一地了，建议重塑一下再出来发表言论，免得误导未成年。",-0.85,-0.90
"只要心怀热爱，即使是平凡的日子也能开出花来。大家晚安~",0.50,0.95
"测试评论，不用管我。",0.10,0.00
"这就是内娱的顶流吗？拉踩碰瓷一套带走，粉丝还沾沾自喜，真是开了眼了。",-0.80,-0.85
"我悟了，原来一切都是资本的阴谋，我们只不过是韭菜罢了。",-0.60,-0.70
"虽然该模型在特定数据集上表现优异，但其泛化能力与鲁棒性仍需进一步的学术验证。",0.95,0.10
"绝绝子！这简直是我的人生之剧，N刷都不觉得腻！",-0.40,0.95
"你要不要听听你在说什么？猪脑过载了吧，逻辑简直不通顺。",-0.90,-0.85
"今天下雨了，没带伞，淋成落汤鸡了。",0.20,-0.30
"yysy，这波联动属实是双厨狂喜，官方太懂我们想要什么了！",-0.30,0.90
"您真是一朵盛世白莲花，错的全是别人，您永远最委屈。",-0.85,-0.80
"不要在别人的眼光中寻找自己的价值，你就是独一无二的光芒。",0.60,0.90
"该说不说，这产品的定价策略完全偏离了目标受众的购买力预期。",0.85,-0.40
"乐了，经典受害者有罪论，合着被坑了还得怪自己不够聪明呗？",-0.75,-0.80
"大清早起来看到这个，真的会被气晕过去，这世道是怎么了？",-0.80,-0.90
"打个卡，证明我来过。",0.10,0.00
"好心疼女鹅，这资本强捧的丑男也配搭戏？赶紧抬走吧！",-0.70,-0.75
"真诚发问，这种毫无技术含量的东西是怎么火起来的？不理解，大受震撼。",-0.60,-0.65
"探讨现代人的精神内耗，必须要结合当下的高压社会结构与原子化生存状态。",0.90,-0.20
"太燃了！这节奏、这画面，我直接在电影院里起立鼓掌！",-0.20,0.95
"你看你看，他急眼了。戳到痛处了吧？急也没用。",-0.80,-0.60
"世界破破烂烂，总有人缝缝补补。感谢这些平凡生活中的英雄。",0.50,0.95
"这种洗地文也能发得出来？给你五毛，删了让我发可以吗？",-0.85,-0.80
"不懂就问，这是可以说的吗？感觉我触碰到了什么不得了的秘密。",-0.40,0.10
"理性探讨：新能源车的续航焦虑与充电桩基础设施建设存在严重的滞后错位。",0.90,-0.10
"神金啊，这男的是不是有什么大病，真的是大无语事件发生。",-0.85,-0.85
"呜呜呜我的CP发糖了！这是过年了吧，给我把民政局搬过来！",-0.40,0.95
"建议把您的脑子捐给有需要的人，放在您那里完全是闲置资产。",-0.90,-0.95
"啊对对对，你清高，你了不起，就我们都是俗人行了吧？",-0.85,-0.80
"所有的失去，都会以另一种方式归来。慢慢来，一切都会变好的。",0.60,0.90
"先马后看，干货满满的一篇文章。",0.30,0.60
"抛开剂量谈毒性就是耍流氓，科普工作任重道远啊。",0.70,-0.30
"一眼假，鉴定为水军。麻烦下次请水军的时候找点高质量的，别用复制粘贴了。",-0.80,-0.70
"这破游戏吃枣药丸，策划是用脚做的平衡吗？退游了，真没劲。",-0.90,-0.95
"这也能被喷？现在的网友真是戾气太重了，什么都要杠一下。",-0.60,-0.75
"从心理学角度分析，这种反社会人格的形成往往与其童年创伤与家庭环境密不可分。",0.90,-0.20
"今天天空很蓝，云朵像棉花糖，是个适合见面的好日子呢。",0.40,0.90
"我直接好家伙！这剧情反转得我猝不及防，编剧膝盖给你了。",-0.30,0.85
"真晦气，出门没看黄历遇到这种事，今天一整天的好心情都毁了。",-0.70,-0.85
"别来碰瓷美女了行吗？独自美丽不约，某些人少给自己加戏。",-0.65,-0.50
"您这键盘敲得冒火星子了吧？现实生活多不如意才跑到网上来发疯？",-0.95,-0.90
"每一次的至暗时刻，都是为了让你找到内心的那束光。加油！",0.60,0.95
"无聊，刷会儿手机就睡了。",0.10,-0.10
"就这？我还以为有什么大招呢，结果就憋出个这么个玩意儿，散了吧。",-0.75,-0.70
"客观分析，这次危机的公关处理堪称灾难级，完全没有抓住大众的情绪痛点。",0.85,-0.50
"太好孝了，哄堂大孝了家人们，这逻辑真是绝了。",-0.60,-0.75
"好米！姐姐的生图也太能打了吧，这就是女娲毕设的含金量吗！",-0.30,0.95
"洗洗睡吧，别在这丢人现眼了，智商是硬伤，治不好的。",-0.90,-0.90
"虽然但是，这件事的背后是否还有隐情？让子弹飞一会儿再下定论。",0.80,0.00
"好气啊，怎么会有这种没有底线的公司，消费者权益保护法是摆设吗！",-0.85,-0.90
"愿你历尽千帆，归来仍是少年。保持初心，继续前行。",0.50,0.95
"占个前排，楼主更新了踢我一脚。",0.20,0.10
"这波属实是小刀拉屁股，开了眼了，原来还能这么玩？",-0.40,-0.30
"这种三观不正的作品到底是怎么过审的？建议相关部门严查！",-0.85,-0.90
"探究文化自信的根基，不仅要回溯历史的深厚底蕴，更要立足于当下的创新表达。",0.95,0.40
"救大命！这什么神仙颜值，简直是在我的审美点上蹦迪！",-0.40,0.95
"别洗地了，洗洁精都涨价了，承认别人优秀有那么难吗？",-0.80,-0.75
"您可真是宽宏大量呢，慷他人之慨，圣母心泛滥给谁看呢？",-0.85,-0.80
"不要害怕失败，因为每一次试错，都是离成功更近一步的阶梯。",0.60,0.90
"签到。顺便赚点积分。",0.10,0.00
"这就是你的素质？满嘴喷粪，建议回炉重造一下再来上网。",-0.95,-0.95
"太搞笑了，今天我的快乐是网友给的，哈哈哈笑到肚子疼。",-0.20,0.90
"基于市场规律，短期的价格战无法建立长期的品牌护城河，服务升级才是正道。",0.95,0.10
"颗秒,打瓦探个头就被对面一枪颗秒，我真的会谢。",-0.75,-0.85
"xswl,一觉睡十一个小时还叫不醒，这作息xswl。",-0.60,-0.30
"666,你这局的操作除了给你刷666，我实在无话可说。",-0.40,-0.20
"闹麻了,天天在朋友圈炫耀那点破事，真的是闹麻了。",-0.85,-0.80
"谁问你了,你搁这儿长篇大论说一堆，问题是：谁问你了？",-0.90,-0.75
"那咋了,代码跑不通又满屏红字，那咋了，直接拔电源摆烂。",-0.65,-0.50
"奶龙,群里天天发那恶心人的奶龙表情包，你人没事吧？",-0.80,-0.90
"我的妈呀大姐,连个基础bug都找不出来，我的妈呀大姐你退群吧。",-0.85,-0.85
"你老公,一看到视频里戴黑手套的极品大帅哥，评论区全在喊“你老公”。",-0.30,0.80
"神人,大冬天穿短袖吃雪糕，你真的是个神人。",-0.50,0.10
"不是哥们,不是哥们，你这波操作是碳基生物能想出来的吗？",-0.80,-0.60
"汗流浃背了吧老弟,被老师当堂点名抽查作业，汗流浃背了吧老弟。",-0.60,0.20
"家人们谁懂啊,今天出门又忘带伞，家人们谁懂啊这下头的天气。",-0.70,-0.80
"尊嘟假嘟,你说明天早八取消了？尊嘟假嘟O.o？",-0.40,0.60
"依托答辩,这部新上映的电影看下来简直就是依托答辩。",-0.90,-0.95
"小卡拉米,在真正的大佬面前，我们这群人都是小卡拉米。",-0.40,-0.30
"急了急了,我就随口一说你反驳这么多，急了急了破防了吧。",-0.85,-0.50
"抛开事实不谈,抛开事实不谈，难道你就没有一点错吗？",-0.95,-0.60
"你人还怪好的嘞,这资本家还给我们发了一毛钱高温补贴，你人还怪好的嘞。",-0.75,-0.70
"一眼丁真,这网图P得连空间都扭曲了，一眼丁真鉴定为假。",-0.60,-0.40
"贴脸开大,你当着导师的面说他课无聊，属于是贴脸开大了。",-0.70,0.10
"虾仁猪心,你不仅赢了他还要发个问号嘲讽，真是虾仁猪心啊。",-0.65,-0.20
"蚌埠住了,看到这满屏的马赛克画质，我彻底蚌埠住了。",-0.70,-0.60
"赢麻了,这次抽卡一发入魂，今天真的是赢麻了。",-0.30,0.90
"栓Q,刚出门就踩到水坑，我真的会栓Q。",-0.75,-0.80
"芭比Q了,期末DDL马上就到了但我还没建文件夹，这下彻底芭比Q了。",-0.65,-0.90
"夺笋啊,大半夜给减肥的闺蜜发烧烤视频，你夺笋啊。",-0.50,0.30
"伤害不大侮辱极强,这只猫鄙视的眼神，简直是伤害性不大侮辱性极强。",-0.40,-0.30
"懂的都懂,这其中的利益关系嘛，懂的都懂，不懂的我也不多解释。",-0.20,-0.10
"细思极恐,大半夜一个人在实验室听见脚步声，真是细思极恐。",-0.30,-0.70
"这谁顶得住啊,连续熬了三个大夜写Node.js，这谁顶得住啊。",-0.70,-0.85
"小丑竟是我自己,满心欢喜准备了半天结果人家根本没叫我，🤡小丑竟是我自己。",-0.60,-0.80
"满级小孩哥,现在的小学生打游戏也太猛了，绝对是满级小孩哥。",-0.40,0.60
"觉醒了猎杀时刻,喝完这杯冰美式，觉醒了，猎杀时刻！",-0.50,0.70
"臣妾做不到啊,让我一天之内写完两万字论文，臣妾做不到啊！",-0.80,-0.85
"还有这种操作,用微波炉热西瓜？还有这种操作？",-0.40,-0.10
"勇敢牛牛不怕困难,面对这如同山一样高的复习资料，勇敢牛牛不怕困难！",-0.30,0.80
"遥遥领先,我的单身时长在朋友圈里绝对是遥遥领先。",-0.50,-0.40
"达咩,想让我周末加班？达咩！想都不要想！",-0.75,-0.80
"顶级理解,把甲方给的五彩斑斓的黑做成了灰色，你这也是顶级理解了。",-0.60,-0.30
"牢大,看到直升机从天上飞过，想你了牢大。",-0.80,-0.20
"冰红茶,买不到可乐了，来瓶冰红茶凑合一下吧孩子们。",-0.60,-0.10
"哈基米,路边遇到一只流浪哈基米，赶紧摸两把。",-0.30,0.70
"原神启动,管他三七二十一，先大喊一声：原神，启动！",-0.70,0.60
"泰裤辣,你这身非主流穿搭，真的是泰裤辣！",-0.60,-0.40
"City不City啊,周末去外滩喝个下午茶，你就说City不City啊。",-0.50,0.50
"恐龙抗狼,脑子里全是那句恐龙抗狼抗狼抗，快要神经衰弱了。",-0.70,-0.60
"鸡你太美,听到这熟悉的BGM，DNA动了，鸡你太美。",-0.60,0.40
"两年半,他打这个游戏的水平，刚好相当于一个练习时长两年半的菜鸟。",-0.50,-0.50
"小黑子,你天天在评论区带节奏，小黑子露出鸡脚了吧。",-0.80,-0.60
"精神小伙,穿上紧身衣和豆豆鞋，精神小伙不请自来。",-0.60,-0.30
"摇个花手,气氛都烘托到这了，不给大家摇个花手很难收场。",-0.50,0.40
"纯爱战神,看到他们俩的绝美爱情，纯爱战神应声倒地。",-0.50,0.80
"挖野菜,天天为了一个渣男哭死哭活，你是准备去当王宝钏挖野菜吗。",-0.85,-0.70
"夹子音,听到语音里那做作的夹子音，我隔夜饭都要吐出来了。",-0.90,-0.90
"海王,这哥们同时撩五个妹子，纯纯的鱼塘局海王。",-0.80,-0.80
"舔狗日记,舔狗日记：今天风很大，但我还是把你删了。",-0.60,-0.70
"网抑云时间,一到深夜十二点，自动切入网抑云emo时间。",-0.50,-0.80
"陆地键仙,现实里唯唯诺诺，网络上重拳出击，不愧是陆地键仙。",-0.80,-0.85
"漏网之鱼,连这么简单的常识都不知道，你是九年义务教育的漏网之鱼吗。",-0.90,-0.85
"老北鼻,这操作真的是盖了帽了我的老北鼻。",-0.50,0.60
"奥利给,不管遇到多大的困难，大喊一声奥利给干就完了。",-0.30,0.90
"干饭人,一听到食堂开饭的铃声，干饭人干饭魂瞬间燃烧。",-0.40,0.85
"脆皮大学生,跑个八百米能喘三天，纯正的脆皮大学生。",-0.50,-0.30
"大怨种,花原价买了一堆没用的破烂，我就是个纯纯的大怨种。",-0.70,-0.75
"互联网嘴替,你说的话简直就是我的心声，感谢你我的互联网嘴替。",-0.30,0.80
"社交牛逼症,在地铁里大声唱歌，这社交牛逼症也是没谁了。",-0.60,-0.20
"社死现场,当众认错人还热情打招呼，大型社死现场。",-0.70,-0.80
"尴尬的是别人,只要我不觉得尴尬，那尴尬的就一定是别人。",-0.60,0.10
"抠出三室一厅,这剧情雷人到让我尴尬得用脚趾抠出三室一厅。",-0.80,-0.85
"绝绝子,这杯新出的奶茶味道真的是绝绝子。",-0.50,0.80
"干烧了,这复杂的逻辑推理题直接把我的CPU干烧了。",-0.60,-0.70
"叠buff,感冒发烧还遇上大姨妈，属于是疯狂叠buff了。",-0.60,-0.80
"质疑理解成为,一开始觉得他有病，后来经历过同样的事：质疑理解成为。",-0.20,0.20
"主打一个陪伴,我打游戏虽然菜，但我主打一个陪伴啊。",-0.30,0.50
"优势在我,虽然我们经济落后一万，但相信我，优势在我！",-0.40,0.70
"V我50,今天星期四了，谁V我50让我看看你的实力。",-0.50,0.30
"麦门,没有什么是一顿麦当劳解决不了的，麦门永存。",-0.40,0.80
"彻底寄了,期中考试一道题都不会做，鼠鼠我啊这次彻底寄了。",-0.80,-0.90
"润了润了,这公司画大饼还不给加班费，赶紧润了润了。",-0.70,-0.60
"科技与狠活,这汤白得这么不自然，全是科技与狠活啊哥们。",-0.80,-0.70
"海克斯科技,一勺三花淡奶下去，满满的海克斯科技味道。",-0.70,-0.60
"沉浸式,戴上降噪耳机，开启沉浸式敲代码体验。",-0.10,0.60
"氛围感神明,这滤镜一加，瞬间变身氛围感神明。",-0.30,0.80
"电子榨菜,吃饭不看点搞笑视频当电子榨菜，这饭根本咽不下去。",-0.40,0.40
"显眼包,大合照里你非要摆个最奇怪的姿势，真是个显眼包。",-0.60,-0.30
"吗喽的命也是命,天天被老板压榨，吗喽的命也是命啊！",-0.85,-0.90
"纯纯的牛马,每天早出晚归拿那点死工资，咱们就是纯纯的牛马。",-0.80,-0.85
"怎么不算呢,你说这算不算一种成功？怎么不算呢。",-0.40,0.30
"你没事吧,没事找事跑来骂我一顿，你没事吧大姐？",-0.85,-0.80
"听君一席话,你这话说了等于没说，真是听君一席话如听一席话。",-0.70,-0.50
"退退退,面对这种不讲理的大妈，只能使出绝招：退！退！退！",-0.90,-0.80
"魔法打败魔法,对付不讲理的人就得比他更不讲理，用魔法打败魔法。",-0.80,-0.40
"尊老爱幼,虽然尊老爱幼是中华民族的传统美德，但你今天实在太欠揍了。",-0.85,-0.70
"确认过眼神,确认过眼神，你也是不想写作业的人。",-0.30,-0.20
"尊严只在剑锋之上,别跟我讲道理，尊严只在剑锋之上，真理只在大炮射程之内！",-0.95,-0.50
"香迷糊了,这家的麻辣烫，一口下去直接给我香迷糊了。",-0.40,0.90
"把害怕打在公屏上,这恐怖游戏的氛围绝了，家人们把害怕打在公屏上。",-0.50,0.60
"纯欲天花板,这套衣服一换，妥妥的纯欲天花板级别。",-0.30,0.80
"散会,废话不多说了，这表格看完了就赶紧散会！",-0.70,-0.10
"虽然短期内经济数据出现了一定程度的回调，但从宏观基本面和产业结构升级的长期趋势来看，我们依然具备强大的内在韧性，我对未来的复苏充满信心。",0.85,0.80
"这部作品的视听语言极其克制，导演通过大量的留白和隐喻，深刻剖析了现代人在钢铁森林中的精神异化，是近年来难得一见的充满人文关怀的艺术佳作。",0.90,0.95
"这篇文章的数据引用极为详实，逻辑链条严丝合缝。作者不仅指出了当前技术路径的盲区，还给出了极具操作性的解决方案，对行业从业者具有极高的参考价值。",0.95,0.85
"无论科技如何爆炸式发展，人类对浩瀚宇宙的探索精神和对未知的好奇心永远不会枯竭。只要这份求真务实的火种还在，文明的延续就始终充满着无限的可能。",0.80,0.90
"基于大规模的实证研究，我们可以清晰地看到，普及基础公共卫生服务不仅能大幅降低长期的社会医疗成本，更是提升整体国民幸福感的最有效途径。",0.85,0.75
"看完这份详尽的环保评估报告，我感到非常振奋。如果能够严格按照既定方案推行循环经济模式，不仅能扭转当前的生态恶化，还能催生出巨大的绿色产业红利。",0.90,0.85
"我对这项新颁布的教育改革方案持非常乐观的态度。它终于打破了唯分数论的单一评价体系，开始真正注重学生批判性思维和创新能力的培养，这是时代的进步。",0.75,0.80
"这种跨学科的交叉研究方法为我们打开了一扇全新的大门。将人工智能的算法逻辑引入到传统的社会学统计中，极大地拓宽了我们理解复杂社会网络的视野。",0.85,0.90
"我必须要向这个不屈不挠的科研团队致敬。在长达十年的时间里，他们忍受着资金短缺和外界的质疑，最终在量子通信领域取得了这般颠覆性的成果，实属不易。",0.70,0.95
"建立健全更加公平透明的财富分配机制，是跨越中等收入陷阱的关键一步。很高兴看到高层已经开始正视并着手解决这些结构性痛点，这是一个极其积极的信号。",0.85,0.80
"理智地审视这份法案，其背后的利益输送逻辑已经昭然若揭。它打着保护弱势群体的幌子，实则在为大型垄断财团构筑更高的行业壁垒，完全违背了市场公平竞争的原则。",0.90,-0.85
"作者试图用大量的专业术语来包装其空洞的内核，但在最核心的逻辑推演上却存在着致命的断层。这种缺乏实证数据支撑的学术投机行为，对整个学科的发展有百害而无一利。",0.85,-0.75
"将生育率下降简单归咎于年轻人的观念变化，是极其傲慢且缺乏社会学常识的。高昂的居住成本、严苛的职场环境和缺失的托育保障，才是导致这一现象的根本性结构原因。",0.95,-0.60
"所谓的‘下沉市场红利’，本质上是对三四线城市消费者信息差的残忍剥削。用劣质的产品和诱导性的营销手段去收割他们本就不丰厚的钱包，这种商业模式令人不齿。",0.80,-0.80
"这部历史剧的服化道虽然精美，但在核心历史观的传达上却极其虚无。它将严肃的王朝更迭和阶级矛盾，降级为后宫争宠和个人恩怨，简直是对历史的严重亵渎。",0.85,-0.70
"从热力学第二定律的角度来看，系统必然会自发地向无序演化。如果我们不能在能源消耗和生态承载力之间找到一种强有力的外部约束机制，人类文明的崩溃在宏观尺度上只是时间问题。",0.90,-0.40
"这种看似温情脉脉的职场文化，实则是对员工私人时间的无限量侵占。将公司的利益凌驾于个人的法定权益之上，并通过团建等手段进行隐性洗脑，是典型的现代企业剥削套路。",0.85,-0.85
"算法推荐系统的滥用，正在彻底撕裂我们社会的共识基础。每个人都被困在为自己量身定制的信息茧房中，丧失了进行跨圈层理性对话的能力，其长期后果是不堪设想的。",0.95,-0.75
"目前的这套城市交通规划方案简直就是闭门造车的产物。它完全忽视了行人和非机动车的实际路权，一味地为小汽车妥协，最终不仅解决不了拥堵，还会大幅增加交通事故的致死率。",0.80,-0.80
"用消费主义的逻辑来重塑女性主义，是资本极其狡猾的陷阱。它让你误以为购买昂贵的商品就是女性独立的象征，从而巧妙地掩盖了男女在同工同酬和职场晋升上依旧存在的不平等。",0.90,-0.65
"我真的是要激动得晕过去了！经过了整整五年的低谷、谩骂和质疑，他终于在这个世界级的舞台上证明了自己！这一刻所有的泪水和汗水都值了，他是我们永远的骄傲！！！",-0.70,0.95
"天呐，这真的是我这辈子见过的最绝美、最震撼的舞台！每一个灯光、每一个走位都完美得像是一场梦境，我的心跳到现在都还没有平复下来，感觉整个灵魂都被彻底洗刷了一遍！",-0.80,0.90
"我不管别人怎么说，就算与全世界为敌，我也要坚决站在你这边！你为我们付出了那么多，现在轮到我们来守护你了！谁要是敢再说你一句坏话，我绝对会和他拼命到底！",-0.85,0.85
"简直是在我贫瘠的生命里照进了一束极其耀眼的光！当你处于人生最黑暗、最想放弃的边缘时，看到这样纯粹而热烈的善意，真的会让人瞬间重燃对这个破烂世界的所有希望！",-0.65,0.95
"啊啊啊啊啊啊啊我真的哭死！编剧你真的太会写了！他们历经了十生十世的虐恋，终于在这一刻紧紧相拥，这种跨越宿命的极致救赎感，谁懂啊！我这辈子都走不出这个坑了！",-0.90,0.90
"我真的太为你开心了姐妹！看到你终于鼓起勇气离开了那个一直在消耗你的渣男，重新找回了自己发光发热的样子，我真的是一边流泪一边为你疯狂鼓掌！你的未来绝对会闪闪发光！",-0.60,0.95
"兄弟们，这波更新真的是诚意拉满、直接封神了！开发组不仅听取了我们所有的反馈，还直接送了绝版道具，这种把玩家当亲爹供着的神仙公司，我不氪爆简直对不起自己的良心！",-0.70,0.85
"此时此刻我的心情已经完全无法用语言来形容了！就像是压在胸口几十年的大石头瞬间被粉碎，那种彻底摆脱内耗、拥抱真正自由的狂喜，让我恨不得现在就冲下楼去跑个马拉松！",-0.75,0.90
"这哪里是一首歌，这分明就是一颗直接击中我灵魂深处的核弹！前奏一响我浑身的鸡皮疙瘩都起来了，主唱那种撕裂又充满生机的嗓音，直接把我的天灵盖都给掀翻了！太牛了！",-0.85,0.90
"就算明天就是世界末日，只要能在今天看到他们俩修成正果，我也死而无憾了！这种极致的双向奔赴和互相救赎，简直就是人世间最伟大的艺术品，把民政局给我搬过来原地结婚！",-0.90,0.95
"真的是荒谬到了极点！你们为了那点可怜的资本利益，竟然可以完全无视底层劳动者的生存现状，这种吃人血馒头的行为简直令人发指！迟早有一天你们会被钉在历史的耻辱柱上！",-0.95,-0.95
"我简直不敢相信我的眼睛！在21世纪的今天，竟然还会发生这种突破人类道德底线的恶性事件！而那些高高在上的看客们竟然还在冷嘲热讽，这个社会简直病得无可救药了！",-0.90,-0.90
"闭嘴吧你！少在这里站着说话不腰疼，拿你那套高高在上的理中客言论来恶心人！你根本没有经历过那种绝望，凭什么在这里对受害者评头论足？你这种缺乏基本共情能力的人简直是个怪物！",-0.95,-0.85
"烂透了！从剧本到导演再到演员，全方位无死角的烂！把观众当毫无审美的傻子一样疯狂糊弄，就这种粗制滥造的工业垃圾居然还能上映圈钱，中国电影就是被你们这群蛀虫给彻底毁了！",-0.85,-0.90
"我真的是要被气吐血了，这辈子没见过这么厚颜无耻的甩锅声明！出了事就知道把责任全推给临时工，你们高管的脑子是用来当摆设的吗？别把公众当傻子，马上滚出来给受害者磕头道歉！",-0.90,-0.95
"累了，真的毁灭吧。每天辛辛苦苦像条狗一样加班到凌晨，拿着连房租都快交不起的微薄薪水，还要忍受老板PUA。这种毫无希望、一眼望不到头的日子，到底还有什么过下去的必要？",-0.80,-0.95
"你们这群毫无底线的键盘侠，躲在屏幕后面像阴沟里的老鼠一样疯狂释放着自己的恶毒。逼死了一个无辜的生命，你们现在满意了吗？你们每个人的手上都沾满了她的血！",-0.95,-0.95
"气死我了气死我了！我花了我半个月的生活费买的门票，就给我看这种敷衍了事的假唱和极其随意的舞蹈？你既然不想营业就赶紧退圈，别在这里疯狂割粉丝的韭菜，退钱！！！",-0.90,-0.85
"别再给我画什么恶心的大饼了！什么年轻人的福报，什么为了公司的未来拼搏，全都是为了掩盖你们无底线压榨员工的资本家嘴脸！老子今天就算饿死，也绝不在这破地方受你这窝囊气！",-0.85,-0.90
"太绝望了，看到这种新闻我真的浑身发冷。法律如果不能保护好人，反而成为了恶人肆意妄为的护身符，那我们辛辛苦苦建立起来的道德秩序还有什么意义？这个世界真的会好吗？",-0.75,-0.95
"这根本不是什么技术上的失误，这是一场彻头彻尾的、蓄谋已久的金融诈骗！那些拿着几百万年薪的风控专家，在这个时候集体装瞎，眼睁睁看着无数普通家庭的毕生积蓄化为乌有，简直丧尽天良！",-0.95,-0.95
"说实话，我对现在这种所谓的‘进步主义’感到深深的厌恶。他们打着政治正确的旗号，在互联网上疯狂进行赛博猎巫，稍有不顺从就将人社会性死亡，这根本不是觉醒，这就是极权！",-0.80,-0.75
"我恳请大家在面对这类极端社会新闻时，不要急于宣泄情绪。背后的动机往往交织着复杂的社会系统性失败。如果我们只满足于将个犯钉死，而忽视了土壤的治理，悲剧必将再次发生。",0.85,-0.20
"这个项目的代码库简直就是一场令人窒息的灾难。没有任何的单元测试，滥用全局变量，组件之间的耦合度高得令人发指。如果不在下个版本重构底层架构，技术债务迟早会把整个团队拖垮。",0.70,-0.80
"别再相信什么‘寒门出贵子’的毒鸡汤了。在一个教育资源极度固化、社会阶层上升通道几乎被彻底堵死的年代，努力的边际效应已经降到了冰点。认清现实的残酷，也许才是唯一的出路。",-0.60,-0.85
"对于目前这种大水漫灌式的财政补贴，我持高度的保留意见。表面上虽然短期刺激了消费需求，但实际上透支的是未来十年的国民经济基础，极易引发难以控制的滞胀风险。",0.90,-0.40
"你们怎么好意思给这种游戏打高分？极度同质化的开放世界，满屏的氪金弹窗，毫无深度的数值养成。这就是在用最下作的心理学手段榨取玩家的剩余价值，游戏行业的耻辱！",-0.85,-0.90
"我一直坚信，宇宙的浩瀚和物理法则的严谨中蕴含着一种极致的古典美。当我们用数学公式精确描述出黑洞边缘的事件视界时，那种智力上的纯粹愉悦，远胜于任何世俗的感官刺激。",0.80,0.90
"不要轻易对那些深陷抑郁症泥沼的人说‘想开点’。你无法理解那种大脑神经递质出现物理性枯竭时，整个世界变成灰色，连呼吸都觉得疲惫的绝望感。他们需要的是专业的医疗干预，而不是廉价的同情。",0.75,-0.60
"这部记录片的伟大之处在于，它没有使用任何煽情的背景音乐和引导性的旁白，仅仅是把镜头对准了那群在流水线上机械重复动作的工人，就极其冷峻地扒开了全球化产业链中最残酷的一面。",0.90,-0.70
"这特么是碳基生物能想出来的剧情？把之前建立的所有人设全部推翻，强行喂观众吃玻璃渣，就为了满足编剧自己那点扭曲的恶趣味？我这就去买机票去你们公司总部砸臭鸡蛋！",-0.95,-0.90
"从长周期的历史唯物主义视角来看，任何依靠暴力和谎言建立的霸权帝国，都不可避免地会走向内部的衰败与分裂。这不仅是政治学的基本常识，也是人类文明演进的铁律。",0.95,0.00
"看到大家在评论区互相鼓励、分享自己对抗病魔的经历，我真的感动得一塌糊涂。病痛或许可以摧残我们的身体，但绝对无法击垮我们抱团取暖的灵魂！大家都一定会好起来的！",-0.50,0.95
"你这种打着‘女性独立’的旗号，实则在疯狂挑拨性别对立、向无数无知少女兜售容貌焦虑的营销号，就是吃人不吐骨头的赛博吸血鬼！只要我看到你发视频，我绝对见一次举报一次！",-0.90,-0.90
"深入剖析目前的养老金并轨制度改革，虽然在初期的过渡阶段会触碰一部分人的既得利益，但这是建立长期可持续的社会保障体系所必须经历的阵痛，方向上绝对是正确的。",0.90,0.60
"天呐，他终于拿到了那个属于他的最高荣誉！那些无数个独自在训练室熬过的深夜，那些拖着伤腿咬牙坚持的瞬间，全都在这一刻开出了最绚烂的花！我真的哭到视线模糊，他值得世界上的所有美好！",-0.80,0.95
"现在的互联网到处都是戾气和互相攻讦，很难再看到像作者这样，愿意耐下心来，用如此温和、包容且充满同理心的文字，去拆解我们内心深处的恐惧与不安。这是一篇难得的灵魂治愈之作。",0.60,0.90
"你们这些高管简直是群吃白饭的废物！拿了几个亿的投资，就做出个这么一坨疯狂闪退、Bug满天飞的工业废料？还大言不惭地说是‘抢先体验’，赶紧给全体玩家土下座道歉并全额退款！",-0.90,-0.95
"基于严密的逻辑推演和交叉比对，对方辩友的论点完全建立在一个伪造的统计学基准之上。这种避重就轻、偷换概念的诡辩技巧，在真正的学术探讨面前是极其苍白无力的。",0.90,-0.40
"我真的要被这只无家可归的小狗可怜的眼神彻底击穿了防御……为什么这个世界上会有这么狠心的人，能够忍心把这么小、这么信任人类的生命丢在冰天雪地里自生自灭？真的是毫无底线！",-0.85,-0.90
"这部新出的法律草案在保护消费者隐私方面迈出了极具建设性的一步。它不仅明确界定了数据所有权的边界，还对企业违规收集信息的行为设立了极其严厉的惩罚机制，值得高度肯定。",0.85,0.80
"这种充满陈词滥调和刻板印象的职场喜剧，到底是谁在看啊？不仅一点都不好笑，还极其傲慢地对女性职场人进行了脸谱化的丑化，看完只觉得如芒在背、如坐针毡、如鲠在喉。",-0.65,-0.85
"每一次看到这种普通人在灾难面前爆发出惊人勇气的视频，我都无法控制自己的泪水。英雄不是从天而降的神明，而是一个个挺身而出的凡人。这种人类最朴素的善良，就是我们这个物种最大的奇迹。",-0.50,0.95
"别再自我感动了！你所谓的付出，不过是在强行感动自己，同时给对方施加巨大的心理压力。爱情不是廉价的自我牺牲比赛，没有平等和尊重作为基础的感情，注定是一场极其病态的消耗战。",-0.75,-0.80
"在详细阅读了对方的财务报表后，我必须指出，其利润的高速增长并非源于核心技术的突破，而是通过极具侵略性的并购和财务做账手段粉饰出来的泡沫，存在着极高的系统性风险。",0.90,-0.60
"呜呜呜，虽然我今天在公司被主管骂得狗血淋头，还在回家的路上淋成了落汤鸡，但看到你这条充满力量和温柔的博文，我突然觉得一切都没那么糟了！谢谢你，世界因为有你这样的人而变得更好！",-0.50,0.90
"我绝不接受这种极其敷衍的道歉！你们在产品里添加有毒有害物质的时候，有没有想过会毁掉多少个无辜的家庭？现在轻飘飘的一句‘管理疏忽’就想把责任撇得一干二净？做梦去吧！法庭见！",-0.95,-0.95
"这篇文章极其客观地梳理了近百年来地缘政治的演变逻辑，摒弃了非黑即白的二元对立思维，从资源禀赋和文化基因的深层角度，为我们揭示了大国博弈的底层密码。非常硬核，受益匪浅。",0.95,0.85
"现在的偶像工业已经彻底沦为了一条毫无灵魂的流水线。他们不需要唱功，不需要演技，只需要一张精雕细琢的脸和完美的人设，就能疯狂收割未成年人的智商税。这是整个娱乐圈的悲哀。",0.70,-0.85
"老子今天就是要在这里骂醒你！你天天在朋友圈自怨自艾，怪父母没钱怪社会不公，却连一份最基础的简历都不愿意好好改！你这不是抑郁，你就是纯纯的懒惰和懦弱，别再给抑郁症群体抹黑了！",-0.90,-0.85
"极其震撼人心的建筑设计！设计师巧妙地将自然光引入了深层的地下空间，打破了传统地铁站那种压抑、幽闭的恐怖感，让整个空间充满了呼吸感和生命的张力。这才是真正的以人为本。",0.80,0.95
"我真的是服了你们这帮极端的环保主义者了！为了抗议气候变化，跑去马路上阻碍救护车通行，跑去博物馆往世界名画上泼油漆？你们这不是环保，你们这是反人类的恐怖主义！简直丧心病狂！",-0.95,-0.90
"通过长期的跟踪回访数据证实，这种新型的认知行为疗法在干预重度强迫症患者时，展现出了比传统药物干预更为持久且副作用极小的显著疗效，这无疑是心理学界的一大里程碑。",0.90,0.85
"请停止那种将苦难浪漫化的恶心叙事！贫穷和疾病绝不是什么磨砺意志的试金石，它们只会无情地剥夺一个人的尊严和选择权。我们真正应该做的是消除苦难的根源，而不是在这里歌颂苦难！",-0.80,-0.85
"简直气到浑身发抖！凭什么女性在职场上面试就一定要被问生育计划？凭什么同样的岗位女性的晋升通道就那么狭窄？这种根深蒂固、甚至被全社会默许的结构性歧视，到底什么时候才能彻底终结？！",-0.90,-0.95
"非常感谢楼主整理的这份长达五万字的极度硬核的技术避坑指南！逻辑清晰，代码规范，从底层原理到实际业务场景分析得头头是道，简直是救我们这些深夜赶进度的打工狗于水火之中！",-0.30,0.95
"目前很多地方在推行的所谓‘智慧城市’项目，实际上不过是各种摄像头的胡乱堆砌，不仅没有提升城市的综合治理效率，反而对公民的隐私安全构成了极大的威胁，这种形式主义令人深恶痛绝。",0.85,-0.75
"看完大结局我整个人直接瘫在沙发上泣不成声。这不仅仅是一个悲剧，这是将美好的事物毫无保留地撕碎在你面前。那种深深的无力感和宿命的窒息感，太痛了，真的太痛了，不敢再看第二遍。",-0.85,-0.90
"我必须站出来澄清事实。这份流传极广的所谓‘内部爆料’，从时间节点到人员名单，存在着大量自相矛盾的致命漏洞。这明显是一场有组织、有预谋的商业抹黑行为，大家务必保持理性和克制。",0.90,-0.40
"去他的身材焦虑！老娘想吃蛋糕就吃蛋糕，想长肉就长肉！凭什么我的身体要由那群为了卖减肥药的资本家来定义？健康、自信、由内而外散发生机的我，就是全宇宙最美、最不可战胜的！",-0.70,0.90
"从博弈论的角度来看，目前双方陷入的这种囚徒困境，完全是由于信息极度不对称和缺乏基础互信机制导致的。如果不引入一个强有力的第三方仲裁者，这种消耗战只会导致双输的结局。",0.95,-0.20
"你们这些只会站在道德制高点上指责受害者的理中客，真的比施暴者还要恶毒一万倍！你们根本不在乎真相，你们只是享受那种居高临下批判别人的优越感。如果有一天恶刀落到你们头上，我看你们还能不能这么冷静！",-0.95,-0.95
"太不可思议了！这份跨越了半个世纪的绝密档案终于被解密，它不仅颠覆了我们之前对那段历史的全部认知，更向我们展现了那些无名英雄为了信仰，在黑暗中做出了怎样悲壮的牺牲。致敬！",-0.40,0.90
"现在的某些所谓的‘公知’，拿着几篇在国外都已经过时了的破文章，就敢在国内大放厥词，疯狂贬低我们自己的文化根基。这种从骨子里透出来的文化自卑和毫无廉耻的膝盖骨，真是让人反胃！",-0.85,-0.90
"冷静客观地分析这份财报，剔除掉那些一次性的资产处置收益后，其主营业务的毛利率实际上已经出现了连续三个季度的严重下滑。投资者绝不能被表面光鲜的净利润数字所蒙蔽。",0.95,-0.60
"天呐，这个世界上怎么会有这么善良、这么温柔的小天使啊！看到那个小孩毫不犹豫地把自己的伞让给了淋雨的老爷爷，我真的感觉整颗心都要被融化了。人类幼崽的纯真真的是世间最强治愈药！",-0.60,0.95
"这部剧的价值观真的是扭曲到了令人发指的地步！为了强行制造冲突，毫无底线地抹黑底层劳动人民，把所有的穷人都刻画成贪得无厌的吸血鬼。这种脱离群众、恶意丑化老百姓的编剧就该永久封杀！",-0.90,-0.95
"通过大量的田野调查和深度访谈，本书极其细致地描摹了城市边缘群体的生存图景。它不带任何俯视的悲悯，而是用平视的目光，赋予了这些被时代巨轮碾压的个体以最基本的尊严，是极具分量的社会学专著。",0.85,0.90
"真的太累了，感觉整个人就像是一个坏掉的钟摆，在这个毫无意义的世界里麻木地机械重复着。没有人理解我的痛苦，我也失去了向任何人求救的力气。也许彻底消失，才是唯一的解脱吧。",-0.90,-0.95
"你不要再用那种极度敷衍的态度来糊弄我了！每一次遇到问题你就选择冷暴力逃避，把所有的情绪垃圾全都丢给我一个人来消化。我受够了你这种极度自私、毫无责任感的巨婴行为，我们彻底结束了！",-0.85,-0.90
"针对当前激烈的芯片领域地缘博弈，我们必须摒弃那种一蹴而就的短视思维。底层基础科学的突破没有捷径可走，只有通过长期的、不计成本的教育投入和基础科研支持，才能真正实现全产业链的自主可控。",0.95,0.20
"啊啊啊啊今天真的是属于我们的狂欢夜！看到大家群策群力，把这个几乎不可能完成的巨型企划彻底落地，那种团队燃烧自己、打破一切极限的爽感，这辈子都不会忘记！大家都是最棒的！",-0.65,0.95
"完全赞同作者的观点。将科技垄断巨头拆分，不仅是为了打破他们对数据和流量的残酷剥削，更是为了重新激活整个互联网生态的创新活力，还中小微企业一个公平竞争的喘息空间。",0.85,0.70
"我真的是要被这家涉事企业的无耻公关给笑死了，竟然大言不惭地说‘不知情’？所有的内部审计流程和签字记录清清楚楚，现在出了事就把锅全甩给下面的员工。这种毫无担当的企业早点倒闭才是造福社会！",-0.85,-0.90
"非常深刻且极具启发性的一篇文章。作者跳出了传统的二元对立框架，从历史长河的宏大视角，探讨了文明冲突与融合的辩证关系，彻底打碎了我之前固有的认知壁垒，读完犹如醍醐灌顶。",0.90,0.95
"这种所谓的‘无痕医美’营销简直就是现代社会最大的谎言和毒瘤！无数无良商家利用女性的容貌焦虑，把大量存在严重副作用、根本没有经过严格临床验证的三无产品打入受害者的体内，这和谋财害命有什么区别？",-0.90,-0.95
"从法律适用性的角度来看，该案件的判决在法理逻辑上存在着明显的瑕疵。过度扩大了‘寻衅滋事’的适用范围，极有可能会对普通公民行使正当的监督权和言论自由产生严重的寒蝉效应。",0.90,-0.65
"如果你正处于人生的至暗时刻，请你无论如何再坚持一下！我曾经也像你一样觉得这个世界毫无希望，但请相信我，那些打不倒你的，终将让你变得无比强大。你远比你想象的要坚强得多！给你一个大大的拥抱！",-0.40,0.95
"你们这群毫无下限的代拍和私生饭，到底要把人逼到什么地步才肯罢休？堵在人家酒店门口，甚至在高速路上疯狂追车，你们这是在追星吗？你们这群丧心病狂的违法分子简直就是在谋杀！",-0.95,-0.95
"这是一部将浪漫主义发挥到极致的太空史诗。它用最硬核的科学理论，讲述了一个关于爱与牺牲的柔软故事。当男主穿越黑洞，只为了给女儿留下那串拯救人类的数据时，我的防线彻底崩溃了。",-0.20,0.95
"这绝对是今年最令人愤怒的新闻没有之一！那个残忍虐待动物的人渣，竟然因为现行法律的漏洞逃脱了应有的惩罚！只要动物保护法一天不完善，我们这个自诩文明的社会就永远带着一块丑陋的伤疤！",-0.90,-0.90
"在这场突如其来的重大公共危机面前，我看到了太多闪耀着人性光辉的瞬间。无论是冲锋在前的医护人员，还是默默奉献的社区志愿者，他们用血肉之躯筑起了一道最坚固的防线，真的深深感恩！",-0.50,0.95
"作者在这篇杂文中展现了极其辛辣的讽刺功力，用近乎黑色幽默的笔触，将那个充满虚伪、钻营和互相倾轧的现代职场百态扒得连底裤都不剩。看似在笑，实则充满了对制度性异化的深刻悲悯。",0.80,-0.50
"滚出我的视线！我再也不想听到你任何充满逻辑漏洞的狗屁借口！你为了保全自己的利益，在背后捅了我这么致命的一刀，现在居然还有脸来求我原谅？你这种背信弃义的小人就该下地狱！",-0.95,-0.95
"对于现阶段的房地产软着陆政策，我们必须保持足够的战略定力。不能因为短期的土地财政压力就重走大水漫灌的老路，彻底挤出泡沫，引导资金流向实体制造业，才是实现高质量发展的唯一出路。",0.95,0.40
"看完这则新闻我真的是三观尽毁。那个所谓的‘慈善机构’竟然打着救助残障儿童的名义疯狂敛财，把善款全部用来购买豪车和别墅！这种丧失人性的寄生虫，必须严查到底，绝对不能姑息！",-0.90,-0.95
"真的太佩服这位独立开发者的毅力了！一个人，五年时间，敲下了几百万行代码，硬生生凭借一己之力做出了这款品质丝毫不输商业大作的顶级独立游戏！这就是纯粹的热爱创造的终极奇迹！",-0.60,0.95
"这种将极其复杂的地缘政治问题娱乐化、饭圈化的倾向，是非常危险的。国家之间真刀真枪的利益博弈，不是你在键盘上敲击几个网络热梗就能解决的。丧失严肃讨论的能力，是社会智识衰退的开始。",0.85,-0.75
"我真的是要气炸了！凭什么他们犯了错可以高高举起轻轻放下，而底层老百姓稍微有一点违规就要面临倾家荡产的顶格处罚？这种赤裸裸的双标和对权力的极度傲慢，到底要把普通人逼向何方？！",-0.90,-0.95
"从严格的流行病学模型推演，如果此时过早地解除社交隔离措施，必然会导致感染曲线的二次陡峭反弹，进而彻底击穿现有的重症医疗系统防线。在这个问题上，绝不能抱有任何侥幸心理。",0.95,-0.50
"天呐天呐天呐！这首曲子的编曲简直就是神仙下凡！将古典交响乐的磅礴气势与现代电子合成器的赛博迷幻完美融合，每一次高潮的推进都精准地踩在了我的神经元上，简直好听到让人直接升天！",-0.80,0.95
"这是什么阴间作息和反人类的KPI考核制度？把人当做消耗品的资本家们，你们每天看着员工熬出的黑眼圈和成把掉落的头发，良心真的不会痛吗？哦我忘了，你们这种冷血动物根本就没有良心！",-0.85,-0.95
"纵观人类文明的发展史，无论是黑死病、战争还是饥荒，都没能阻挡我们探索真理的脚步。每一次跌入谷底的阵痛，最终都会孕育出更加灿烂的文艺复兴。所以，无论眼下的寒冬多么漫长，请永远保持理性的乐观。",0.90,0.90
"谁能理解我现在这种极度崩溃的心情啊！辛辛苦苦熬了三个通宵写出来的几万字论文，因为电脑突然蓝屏死机，连一个标点符号都没有保存下来！我真的想直接从这个世界上物理销毁我自己！！！",-0.95,-0.90
"强烈支持这位勇敢站出来发声的女孩！不要害怕那些躲在阴暗角落里的荡妇羞辱和受害者有罪论，错的绝对不是你！你不仅是在为你自己战斗，你是在为所有可能遭受同样厄运的女性劈开一条充满光明的生路！",-0.70,0.90
"我必须要对这部所谓的‘史诗级巨作’提出极其严厉的批评。它用极其炫目的顶级特效，掩盖了内核价值观的极度苍白与反智。这种试图用视觉轰炸来剥夺观众独立思考能力的文化快餐，是极不负责任的。",0.80,-0.85
"此时此刻，任何语言都无法表达我内心的狂喜！这项历经无数次推翻重来的绝密工程终于圆满收官！感谢每一个在幕后默默奉献、连名字都不能留下的英雄，你们用实际行动诠释了什么是真正的国之脊梁！",-0.60,0.95
"别再用那些假大空的宏大叙事来绑架普通人了！当一碗面条的价格都在飞涨，当年轻人连一个安身立命的狗窝都买不起的时候，谁还有心思去听你们在台上高谈阔论？别把老百姓当聋子瞎子！",-0.85,-0.90
"结合近十年的气候监测数据来看，极端天气的常态化已经是一个不可逆转的物理事实。我们必须立刻停止无休止的争吵，尽快达成具有实质约束力的全球减排协议，这已经关乎到整个人类物种的生死存亡。",0.90,-0.40
"啊啊啊太甜了太甜了！看着他们两个在荧幕上哪怕只是一个简单的眼神交汇，那种拉丝的张力和快要溢出屏幕的粉红泡泡，真的让我这个母胎单身狗在床上疯狂扭曲尖叫！这到底是什么绝美的神仙爱情啊！",-0.80,0.95
