"Bro really thought he cooked with this take 💀",-0.60,-0.75
"honestly this restored my faith in humanity, wishing you the best! <3",0.40,0.95
"While I understand the emotional response, the empirical data suggests a more nuanced reality.",0.90,0.05
"just end it all already tbh",-0.90,-0.90
"skibidi toilet rizz only in ohio fr fr no cap",-0.80,0.10
"what the sigma is bro waffling about 😭",-0.65,-0.50
"he definitely has W W rizz, bro is looksmaxxing",-0.50,0.60
"bro got fanum taxed in real life💀",-0.60,-0.20
"this is giving very much npc energy",-0.55,-0.60
"blud is NOT him 🙅‍♂️",-0.70,-0.75
"chat is this real?",-0.40,0.00
"bro is onto NOTHING 🗣️🔥",-0.75,-0.80
"we making it out of the hood with this one 💯",-0.30,0.85
"let him cook... wait no turn the stove off",-0.60,-0.50
"MOTHER IS MOTHERING!!! SHE ATE AND LEFT NO CRUMBS 💅✨",-0.70,0.95
"flop era incoming i fear... she's so over",-0.65,-0.70
"gagged them a bit! periodt.",-0.50,0.75
"rent free in your head bestie 😌",-0.40,-0.40
"the way i screamed when i saw this- literally crying and throwing up",-0.90,0.80
"ended that jobless freak",-0.85,-0.90
"main pop girlie energy right here",-0.30,0.85
"we love to see it 😍",-0.10,0.90
"they could never make me hate you",-0.40,0.85
"it's giving desperate, honestly",-0.60,-0.75
"jungle diff, absolute trash team please uninstall",-0.95,-0.95
"skill issue tbh",-0.60,-0.50
"ez clap, literally playing against bots",-0.80,-0.40
"my guy is hardstuck bronze and talking mad smack",-0.75,-0.70
"touch grass you absolute degenerate",-0.90,-0.85
"Imagine losing to a team with no comms 🤡",-0.80,-0.80
"ur literally dogwater my guy",-0.85,-0.85
"get out of my lobby kid",-0.85,-0.75
"gg wp everyone, super close match! <3",0.50,0.90
"sweat harder bro, it's just a casual game",-0.65,-0.60
"That is a textbook ad hominem fallacy; please address the actual argument.",0.85,-0.40
"If we approach this from a utilitarian framework, the net suffering outweighs the benefits.",0.90,-0.20
"Statistically speaking, your anecdotal evidence is irrelevant to the broader macroeconomic trend.",0.85,-0.50
"While I concede that point, you are ignoring the geopolitical nuances of the situation.",0.80,-0.10
"Let's steelman your argument for a second before I deconstruct it.",0.75,0.10
"Empirically verifiable data contradicts your core thesis.",0.90,-0.30
"Correlation does not equal causation, a fundamental principle you seem to have missed.",0.85,-0.40
"I'd recommend reading some actual peer-reviewed literature before posting such drivel.",0.60,-0.70
"A fascinating paradigm shift, though it requires further longitudinal study to be conclusive.",0.95,0.40
"Your cognitive dissonance is palpable.",0.70,-0.60
"amogus sus imposter ඞ",-0.80,0.00
"I sexually Identify as an Attack Helicopter.",-0.70,-0.40
"Sir, this is a Wendy's.",-0.40,-0.30
"To be fair, you have to have a very high IQ to understand Rick and Morty.",-0.50,-0.20
"my dad works at roblox and he will ban your account",-0.85,-0.60
"We've been trying to reach you about your car's extended warranty.",0.30,0.00
"born to dilly dally, forced to lock in",-0.40,-0.10
"I'm not reading all that. I'm happy for u tho. Or sorry that happened.",-0.50,-0.40
"shidding and farding rn",-0.80,-0.10
"L + ratio + you fell off + touch grass + bozo",-0.85,-0.80
"You are so incredibly loved and valued, please don't ever forget that! 🥺💖",0.20,0.95
"Huge W! So incredibly proud of all the hard work you put into this!",0.40,0.90
"Take a deep breath. You survived 100% of your bad days. You got this.",0.60,0.85
"sending virtual hugs to anyone who needs them today 🫂",0.30,0.90
"This is the most beautiful thing I've seen all week.",0.40,0.95
"Remember to drink water and take care of yourself, kings and queens.",0.50,0.85
"It costs nothing to be kind. Beautiful message.",0.70,0.90
"Your art has improved so much! The lighting here is phenomenal.",0.60,0.85
"thank you for sharing your story, it made me feel less alone.",0.50,0.80
"W mans, W take, W life.",-0.20,0.85
"Wow, it's almost as if actions have consequences! Who could have guessed?",-0.70,-0.65
"Bless your heart, you really tried your best didn't you.",-0.60,-0.70
"Oh look, another completely original thought that definitely hasn't been said 1000 times.",-0.75,-0.75
"Tell me you don't know anything about economics without telling me.",-0.65,-0.70
"I love how confident you are while being completely wrong.",-0.70,-0.80
"Thanks for the unsolicited advice, I'll be sure to file it in the trash.",-0.80,-0.85
"Really groundbreaking stuff here. Did it take you all day to come up with that?",-0.75,-0.75
"I wish I had the unearned confidence of a mediocre white man on a podcast.",-0.80,-0.80
"Per my last email, the instructions were clearly stated.",0.40,-0.60
"Good for you, I guess?",-0.30,-0.40
"I AM GOING TO BITE THROUGH MY MONITOR WHY IS THIS HAPPENING TO ME",-0.95,-0.90
"delete this right now before I lose my absolute mind",-0.90,-0.85
"I will literally fight whoever designed this UI in a Denny's parking lot at 3 AM",-0.85,-0.80
"MY EYES ARE BLEEDING THIS IS SO CURSED",-0.90,-0.70
"if they cancel this show I am going to become the joker",-0.85,-0.60
"I would sell my soul to the devil just to get a sequel to this game",-0.80,0.60
"I'M IN THE WALLS I'M IN THE WALLS I'M IN THE WALLS",-0.95,-0.20
"literally shaking right now I can't even process this information",-0.85,0.10
"whoever decided paper straws were a good idea needs to be jailed",-0.80,-0.85
"I AM SCREAMING THIS IS THE FUNNIEST THING I HAVE EVER SEEN",-0.90,0.90
"Wow great video! Check out my link in bio for 18+ content 💋",0.20,0.10
"I invested $200 with Mrs. Jenkins and got back $5000 in two hours! Crypto is the future!",0.30,0.60
"Like if you're watching this in 2024 👇",0.10,0.20
"First!",-0.10,0.10
"Subscribe to my channel for free robux!",0.10,0.30
"Promote it on @meme_god_69 🚀",0.20,0.20
"Hello dear, you have a beautiful profile. Send me a friend request.",0.40,0.30
"This video is sponsored by Raid Shadow Legends.",0.60,0.10
"[Link removed by moderator]",0.80,0.00
"CLICK HERE FOR FREE GIFT CARD ➡️➡️➡️",0.00,0.20
"Why do kids these days always stare at their phones? Back in my day we drank from the hose.",0.20,-0.50
"We need to synergize our paradigms to maximize ROI by Q3.",0.70,0.20
"Thoughts and prayers to the family 🙏🙏",-0.10,0.50
"Can someone tell me how to open PDF file?? Thanks, Barbara.",0.30,0.00
"Let's circle back to this offline and touch base next week.",0.60,0.10
"As an AI language model, I cannot fulfill this request.",0.90,0.00
"GOBBLESS THE USA 🦅🦅🦅",-0.60,0.70
"This meeting could have been an email.",0.30,-0.60
"ORDER CORN",0.10,0.00
"Anyway, here's Wonderwall.",-0.20,0.10
"OMG, this is so lit! 😍 I'm dying from laughter, lmao",-0.70,0.90
"she understood the assignment 🔥",-0.40,0.85
"ate that up and left absolutely NO crumbs 💅",-0.60,0.95
"it’s giving very much main character energy ✨",-0.30,0.80
"im literally screaming crying throwing up rn",-0.95,0.85
"the grip this has on me is entirely unhealthy",-0.80,0.70
"need this biblically",-0.85,0.75
"down horrendous for this man",-0.75,0.60
"barking respectfully 🐕",-0.85,0.65
"mother is mothering as usual 👑",-0.50,0.90
"bro has infinite aura 🥶",-0.60,0.80
"-10000 aura for this post tbh",-0.65,-0.60
"unspoken rizz right here",-0.50,0.75
"chat is this real life or am i tripping 😭",-0.60,0.00
"bro is the rizzler",-0.50,0.60
"what in the ohio is going on here 💀",-0.70,-0.30
"blud forgot he's not the main character",-0.65,-0.60
"this is peak brainrot and i love it",-0.80,0.70
"bro looksmaxxing rn 🤫🧏‍♂️",-0.50,0.50
"fanum tax got me broke 😭",-0.60,-0.40
"me af 😭",-0.50,0.20
"this is so real it hurts",-0.40,-0.10
"literally me when i wake up",-0.30,0.10
"i feel personally attacked by this reel",-0.60,-0.20
"why is the algorithm calling me out like this",-0.50,-0.30
"my fyp knows me better than my therapist",-0.40,0.40
"tagging myself in this video",-0.20,0.30
"im in this video and i dont like it 💀",-0.40,-0.30
"can confirm, this is exactly how it is",0.10,0.20
"bro exposed all of us 😭",-0.50,-0.20
"omg pookie looks absolutely stunning 🥺💕",-0.60,0.95
"delulu is the solulu ✨",-0.50,0.60
"staying delulu because reality is mid",-0.60,-0.30
"i can fix him (i will make him worse)",-0.70,-0.20
"he's a walking red flag but my favorite color is red 🚩",-0.65,0.30
"giving me the biggest ick rn",-0.70,-0.80
"the ick is immeasurable and my day is ruined",-0.80,-0.85
"we love a toxic king 👑",-0.60,0.40
"pookie bear really did that!!",-0.50,0.90
"this cured my depression tbh",-0.70,0.85
"bro yappin about nothing 🗣️🔇",-0.75,-0.70
"ain't reading all that but sorry for ur loss 💀",-0.70,-0.60
"who let bro cook 🤦‍♂️",-0.65,-0.70
"absolutely mid take",-0.60,-0.60
"L comment L life L everything",-0.90,-0.95
"ratio + didn't ask",-0.80,-0.80
"bro thought he did something there",-0.65,-0.65
"please delete this before i report you 😭",-0.80,-0.75
"my brother in christ what is this",-0.70,-0.60
"cringe is off the charts",-0.75,-0.80
"💀💀💀💀",-0.80,0.00
"😭😭😭",-0.80,-0.10
"👁️👄👁️",-0.60,0.00
"W",0.00,0.80
"L",0.00,-0.80
"FR 💯",-0.30,0.60
"NO CAP 🧢❌",-0.50,0.50
"fax no printer 🖨️",-0.40,0.60
"purr 💅",-0.40,0.70
"based 🗿",-0.20,0.60
"I will literally defend this with my life",-0.85,0.80
"put this in the louvre immediately",-0.60,0.90
"this altered my brain chemistry",-0.80,0.75
"screaming at the top of my lungs",-0.90,0.60
"i am looking respectfully 👀",-0.50,0.60
"Lord have mercy we must stay focused brothers",-0.70,0.50
"this just cleared my skin and watered my crops",-0.70,0.85
"sliding down the wall rn",-0.80,-0.20
"falling to my knees in a walmart parking lot",-0.85,-0.30
"punching the air rn",-0.80,-0.40
"the fit goes unbelievably hard 🔥",-0.50,0.85
"aesthetic is unmatched",-0.30,0.90
"immaculate vibes only 🌴",-0.20,0.85
"giving pinterest board",-0.30,0.75
"gatekeeping this so hard",-0.60,0.50
"need the link to that top rn or i'll scream",-0.80,0.60
"soft launch season 📸",-0.20,0.40
"hard launch immediately",-0.40,0.60
"coquette aesthetic 🎀",-0.20,0.50
"we are so back",-0.40,0.80
"YESSSSS MAAMMM",-0.90,0.95
"leave some beauty for the rest of us",-0.40,0.90
"are u kidding me rn??? gorgeous 😍",-0.80,0.95
"stopppp you're literally perfect",-0.75,0.95
"how does it feel to be god's favorite",-0.60,0.85
"pop off queen 👑",-0.60,0.90
"my jaw is on the floor",-0.70,0.80
"obsessed is an understatement",-0.60,0.95
"i'm taking notes 📝",-0.30,0.70
"respectfully... WOW",-0.40,0.85
"let's normalize this please",-0.20,0.60
"the math is not mathing",-0.50,-0.40
"canon event bro can't interfere",-0.40,-0.10
"bro is doing side quests",-0.50,0.30
"we got this before gta 6 💀",-0.60,-0.20
"bro won at life",-0.30,0.90
"the intrusive thoughts won today",-0.70,-0.50
"plot armor goes crazy",-0.40,0.50
"this is my Roman Empire",-0.60,0.80
"not the plot twist i was expecting 😭",-0.60,0.20
"The inherent contradiction of late-stage capitalism is that it commodifies the very alienation it produces. We are buying solutions to the exhaustion caused by our jobs, enriching the same class of people who enforce these working conditions in the first place. It is a completely unsustainable feedback loop.",0.75,-0.85
"I am so unbelievably sick and tired of people acting like everything is fine while the world literally burns around us. You are all delusional sheep if you think incremental change is going to save us from climate collapse and corporate greed. Wake the hell up before it's too late.",-0.90,-0.95
"While I appreciate the effort the author put into this study, the methodology is fundamentally flawed. The sample size is entirely too small to draw any statistically significant conclusions, and the failure to control for confounding variables completely invalidates the core thesis. Please review basic statistical principles.",0.95,-0.50
"Honestly, reading this completely shifted my perspective on everything. I've spent years holding onto resentment and anger, but your words made me realize that forgiveness isn't about letting them off the hook, it's about setting myself free. Thank you from the bottom of my heart for sharing this.",-0.40,0.95
"This is perhaps the most disingenuous, bad-faith argument I have ever had the misfortune of reading. You are intentionally misrepresenting the opposing viewpoint to create a strawman that is easier to attack, completely ignoring the nuanced reality of the geopolitical situation. It's intellectually lazy and morally bankrupt.",-0.75,-0.80
"The rapid advancement of artificial intelligence presents a unique ontological crisis for humanity. If we outsource our cognitive labor and creative expression to algorithms, we risk losing the very friction that catalyzes human growth and meaning. We must approach this technology not just as a tool, but as a mirror reflecting our own existential priorities.",0.85,-0.20
"To everyone in the comments defending this billionaire: he is not going to pick you. He does not care about you. He would literally sell your organs for a fraction of a percent increase in his stock portfolio. The idolization of extreme wealth is a sickness that has completely rotted our society's collective empathy.",-0.85,-0.90
"I've been working in the renewable energy sector for over a decade, and I can say with absolute certainty that we are making incredible progress. The cost of solar and wind has plummeted beyond our wildest projections, and battery storage technology is catching up fast. A green future isn't just possible, it's inevitable and highly profitable.",0.80,0.90
"There is a pervasive myth in modern hustle culture that sleep deprivation and burnout are badges of honor. We are biologically hardwired to require rest, yet we structure our entire societal framework around constant, relentless output. This is a public health crisis masquerading as a strong work ethic.",0.70,-0.60
"You have no idea what you are talking about. You sit in your privileged little bubble and lecture the rest of us on morality while people are literally starving in the streets. Shut your mouth, open your eyes, and maybe try experiencing the real world for a single day before you post this garbage.",-0.95,-0.95
"It's fascinating how the algorithm has completely fractured our shared reality. We no longer consume the same media or agree on basic objective facts; instead, we are fed bespoke echo chambers designed to maximize our outrage and engagement. The long-term implications for democratic discourse are frankly terrifying.",0.85,-0.75
"I just want to say how incredibly proud I am of this community. When we saw a member in need, we didn't hesitate. We pooled our resources, offered our time, and showed up with nothing but love and unconditional support. This is what humanity is supposed to look like, and I am honored to be a part of it.",-0.30,0.95
"The writing in this latest season is a masterclass in character assassination. They took years of careful, nuanced development and threw it all out the window for cheap shock value and artificial drama. It disrespects the audience's intelligence and completely betrays the core themes established in the pilot.",-0.50,-0.70
"From a purely macroeconomic standpoint, the current inflationary pressure is a predictable consequence of aggressive quantitative easing combined with unprecedented supply chain disruptions. Attempting to blame this on single political figures ignores the complex, globally intertwined fiscal mechanisms at play.",0.90,0.00
"Stop telling depressed people to just go to the gym and drink water. You cannot out-exercise a severe neurochemical imbalance or systemic trauma. It is so unbelievably invalidating and dangerous to treat serious mental illness like it's just a lack of willpower. Do better.",-0.80,-0.75
"What an absolute masterpiece of cinema. The cinematography, the haunting score, the incredibly subtle performances—everything works in perfect harmony to deliver a profound meditation on grief and acceptance. I haven't stopped thinking about the final shot since I left the theater. A true work of art.",-0.20,0.95
"The gentrification of this neighborhood is tearing apart the community fabric that took decades to build. Corporate developers are coming in, buying up historic properties, and pricing out the families who have lived here for generations. It is cultural erasure disguised as urban revitalization.",0.60,-0.80
"I literally cannot comprehend how anyone can defend this absolute garbage. It is fundamentally broken on every level, the developers clearly lied in the marketing, and anyone who pre-ordered this deserves to lose their money. The gaming industry is a complete joke and you are all funding its downfall.",-0.90,-0.90
"While the emotional appeal of your argument is strong, public policy must be dictated by empirical evidence and cost-benefit analysis. Implementing this proposed legislation would inadvertently create massive negative externalities for the working class, completely contradicting its stated goals.",0.85,-0.30
"Taking a step back, it's actually beautiful how much we all care. Even in our disagreements and heated debates, it shows that we are deeply invested in the future of our society and the wellbeing of our fellow humans. Dialogue, even when messy, is the cornerstone of progress.",0.50,0.85
"This constant reliance on identity politics is a deliberate tactic used by the ruling class to keep the working class divided. As long as we are fighting a culture war over superficial differences, we will never unite to fight the class war that is actually oppressing all of us.",0.75,-0.65
"My heart is literally shattering into a million pieces reading this. I am so incredibly sorry that you had to endure such a horrific experience, and I just want you to know that you are heard, you are valid, and it was absolutely not your fault. Please stay strong.",-0.85,0.80
"The overarching narrative of modern history is one of steady, undeniable progress. Despite the sensationalism of the 24-hour news cycle, violence is at historic lows, global literacy is rising, and medical advancements are curing the incurable. We must maintain a perspective of rational optimism.",0.90,0.85
"Anyone who supports this authoritarian legislation is a traitor to basic human rights. You are willfully handing over our privacy and civil liberties to a corrupt surveillance state out of manufactured fear. History will remember you as the cowards who cheered for the death of freedom.",-0.95,-0.90
"The sheer technical brilliance of this codebase is staggering. The way they optimized the rendering pipeline to achieve zero-latency data fetching while maintaining strict type safety across the entire monorepo is nothing short of revolutionary. This will set the industry standard for years to come.",0.70,0.95
"We need to completely dismantle the car-centric infrastructure of North America. Our cities are designed for metal boxes instead of human beings, destroying our environment, isolating our communities, and making basic mobility a dangerous privilege rather than a fundamental right.",0.60,-0.70
"You are completely missing the point of the novel. It isn't a simple morality tale; it's a deeply cynical exploration of power dynamics and the inevitable corruption of idealistic movements. By reading it as a standard hero's journey, you are doing a massive disservice to the author's intent.",0.75,-0.50
"I am officially done with this platform. The sheer volume of unchecked bigotry, toxic harassment, and blatant misinformation being pushed by the algorithm has made this place completely unusable. It is a cesspool of human misery and I am deleting my account for my own sanity.",-0.85,-0.95
"It is imperative that we recognize the interconnected nature of ecological preservation and economic stability. We cannot achieve sustainable long-term growth by treating natural resources as infinite commodities to be exploited. A transition to a circular economy is not an option; it is a mathematical necessity.",0.85,-0.10
"Words cannot express how deeply grateful I am for the existence of this community. In my darkest moments, when I felt completely alone and ready to give up, reading your stories gave me the strength to keep fighting. You literally saved my life, and I will never forget that.",-0.70,1.00
"This company's return to office mandate has absolutely nothing to do with collaboration or culture. It is a desperate power trip by middle management trying to justify their existence, and a sneaky way to conduct stealth layoffs by forcing attrition. It is corporate gaslighting at its finest.",0.50,-0.85
"Your analysis of the geopolitical landscape is dangerously reductionist. You cannot distill centuries of complex historical grievances, proxy wars, and socio-economic disparities into a simple 'good vs. evil' binary. Such oversimplification actively hinders any genuine diplomatic solutions.",0.80,-0.60
"If you are reading this and feeling like you are falling behind in life: please stop. Life is not a race, and there is no universal timeline you need to follow. Your journey is uniquely yours. Be gentle with yourself, take a deep breath, and trust that you are exactly where you need to be.",-0.20,0.95
"The level of cognitive dissonance required to defend this politician's actions is truly staggering. You are contorting yourself into moral pretzels to justify behavior that you would immediately condemn if the opposing party did it. The hypocrisy is so blatant it's actually insulting.",-0.70,-0.80
"An elegant and sophisticated breakdown of a highly complex topic. You managed to distill heavy academic jargon into accessible, digestible concepts without losing the nuance of the original theory. This is science communication at its absolute finest.",0.85,0.90
"I am furious. I trusted this brand with my hard-earned money and they delivered a fundamentally broken, actively dangerous product. The customer service actively lied to me and refused a refund. This is blatant consumer fraud and I will be filing a report with the FTC immediately.",-0.90,-0.90
"The privatization of healthcare is a moral failure of the highest order. Tying human survival to a profit motive guarantees that the poor will suffer and die while pharmaceutical executives buy their third yacht. Healthcare is a fundamental human right, not a commodity to be traded on Wall Street.",0.65,-0.85
"This album is a transcendent experience. The artist strips away all the overproduced pop sheen and delivers a raw, bleeding, agonizingly vulnerable look into their soul. Every lyric feels like a confession. It is a brave and monumental achievement in modern music.",-0.40,0.95
"The legal arguments presented in this brief are completely devoid of constitutional merit. The precedent cited has been overturned for decades, and the interpretation of the statute relies on an entirely fabricated historical context. It is a frivolous filing that disrespects the judiciary.",0.90,-0.70
"You absolute clown. You have the audacity to come on here and spew this toxic, misogynistic garbage and expect people to just agree with you? You are the textbook definition of an insecure loser projecting your own failures onto everyone else. Get therapy.",-0.95,-0.95
"From an evolutionary biology perspective, altruistic behavior is not an anomaly but a highly advantageous survival strategy. Cooperative species outcompete aggressively individualistic ones by leveraging collective intelligence and resource sharing. Kindness, therefore, is biologically optimal.",0.85,0.60
"I can't stop crying. This documentary perfectly captured the profound, quiet agony of watching a parent slowly lose their memory to dementia. It is the most terrifying, heartbreaking, and ultimately beautiful tribute to the enduring power of familial love.",-0.60,0.85
"The current state of modern web design is an absolute nightmare. We have sacrificed performance, accessibility, and user experience at the altar of bloated JavaScript frameworks and intrusive tracking scripts. The internet used to be a fast, decentralized utopia; now it's a sluggish corporate mall.",0.60,-0.75
"This is exactly the kind of nuanced, empathetic journalism we need right now. The author didn't just parachute into a tragedy for clicks; they spent months embedding with the community, listening to their stories, and treating their subjects with the utmost dignity and respect.",0.75,0.90
"Literally just shut up. Nobody cares about your stupid little podcast, nobody cares about your alpha male grindset, and nobody wants to buy your overpriced drop-shipping course. You are contributing absolutely nothing of value to society.",-0.85,-0.90
"The historical revisionism in this textbook is deeply alarming. By glossing over the systemic atrocities committed during the colonial era and framing imperial expansion as a purely 'civilizing' mission, we are actively indoctrinating the next generation with a whitewashed, sanitized version of reality.",0.70,-0.80
"I am bursting with happiness for you! After all the rejections, the tears, and the sleepless nights, you finally got the recognition you deserve. This proves that hard work and raw talent cannot be ignored forever. Go celebrate, you absolute legend!",-0.50,1.00
"The aestheticization of mental illness on social media is deeply disturbing. Turning severe psychological conditions into quirky personality traits or 'aesthetics' actively trivializes the horrific reality of suffering from these disorders, and makes it harder for people to seek genuine medical help.",0.75,-0.70
"This logic is entirely circular. You are using the premise of the argument to prove the conclusion, while completely ignoring the vast empirical dataset that directly contradicts your initial assumption. It is a masterclass in logical fallacies and confirmation bias.",0.90,-0.60
"I don't think I've ever felt more seen in my entire life. The way you described the feeling of high-functioning anxiety—the constant buzzing in your chest, the agonizing over every social interaction—is exactly what I go through every single day. Thank you for putting words to this.",-0.40,0.85
"The sheer incompetence of this administration is mind-boggling. They have completely botched the economic recovery, alienated our closest geopolitical allies, and plunged the country into a state of hyper-inflationary panic. Every single decision they make actively harms the working class.",-0.75,-0.85
"The integration of machine learning into medical diagnostics is perhaps the most significant leap forward in healthcare in a century. By analyzing complex patterns in medical imaging that evade the human eye, we can catch aggressive cancers at stage zero, drastically improving survival rates globally.",0.85,0.90
"Why is it that every time a woman expresses a boundary, she is immediately labeled as 'difficult' or 'crazy'? The deeply ingrained misogyny in how we police women's tones while excusing the most abhorrent behavior from men is exhausting, infuriating, and needs to be dismantled completely.",-0.60,-0.80
"This is the most deeply unhinged, psychopathic take I have ever read. The fact that you think it is acceptable to sacrifice thousands of lives just to protect corporate profit margins proves that you have completely lost your humanity. You are a monster.",-0.95,-0.95
"The architectural philosophy behind this public space is brilliant. By removing hostile architecture and prioritizing pedestrian flow and natural light, they have created an inclusive, democratic environment that actively encourages community interaction rather than isolation.",0.80,0.85
"We are witnessing the slow death of the middle class in real-time. Wages have stagnated for four decades while the cost of housing, healthcare, and education has skyrocketed. The American Dream is officially dead, replaced by a neo-feudal system of permanent debt servitude.",0.65,-0.90
"I am so deeply moved by the compassion shown in this video. To see total strangers drop everything to help a terrified animal trapped in a storm... it restores a piece of my soul. There is still so much pure, unadulterated goodness in this world.",-0.50,0.95
"Your critique of the author's work completely ignores the socio-political context of the era in which it was written. Judging a 19th-century text entirely through the lens of modern, 21st-century moral frameworks is an exercise in presentism that yields no genuine literary insight.",0.85,-0.50
"The sheer entitlement radiating from this post is blinding. You got a slightly incorrect coffee order and you thought the appropriate response was to publicly humiliate a minimum-wage worker on the internet? You are the most insufferable, privileged Karen on the planet.",-0.80,-0.85
"What an absolutely staggering achievement in engineering. The successful deployment of this telescope will allow us to peer back to the very dawn of the universe, fundamentally altering our understanding of physics, cosmology, and our place in the cosmos. I am in awe.",0.70,0.95
"The true danger of the modern true-crime genre is how it commodifies real human tragedy for entertainment. It turns victims' families' worst nightmares into easily digestible, binge-able content, blurring the line between journalism and exploitative voyeurism.",0.75,-0.75
"I have never felt so completely betrayed by a franchise. They took a beloved character and humiliated him, fundamentally misunderstanding everything that made him great, all to prop up a poorly written new protagonist. It's an absolute disgrace and a slap in the face to the fans.",-0.70,-0.85
"This is a phenomenally researched, incredibly balanced deep dive into a highly polarizing topic. You presented both sides of the argument with objective fairness, backed up every claim with rigorous citations, and allowed the reader to form their own conclusions. Excellent journalism.",0.90,0.90
"If you actually believe that trickle-down economics works, you are economically illiterate. It has been empirically proven time and time again that giving massive tax cuts to the ultra-wealthy only results in stock buybacks and wealth hoarding, completely failing to stimulate working-class wage growth.",0.75,-0.70
"You are a massive inspiration to me. Your journey from rock bottom to where you are now shows incredible resilience, vulnerability, and pure strength. Whenever I feel like giving up on my own goals, I look at your page and remember that recovery and success are possible.",-0.30,0.95
"This entire thread is a masterclass in toxic masculinity. The way you guys are mocking a man for showing vulnerability and basic human emotion is pathetic. Men's mental health will never improve as long as you keep enforcing these draconian, emotionally stunted gender roles.",-0.65,-0.80
"The cosmological implications of string theory, while mathematically elegant, remain entirely untestable by modern particle accelerators. Until we can design an experiment capable of probing the Planck scale, it must remain firmly in the realm of theoretical mathematics rather than empirical physics.",0.95,-0.10
"I am literally screaming at my screen right now. How can people be this unbelievably stupid and cruel? The complete lack of empathy for refugees fleeing warzones is sickening. You are judging people based on borders you were merely lucky enough to be born inside of.",-0.90,-0.90
"The decision to make this software open-source is a massive victory for the tech community. By decentralizing the development process and allowing global collaboration, they have ensured that this crucial tool remains accessible, transparent, and free from monopolistic corporate control.",0.75,0.90
"The concept of 'quiet quitting' is nothing more than corporate propaganda designed to guilt-trip employees for strictly adhering to their contracted hours. Establishing boundaries and refusing to do unpaid labor is not 'quitting'; it is standard transactional behavior under a capitalist framework.",0.65,-0.60
"This post radiated so much warmth and positivity that it completely turned my horrible day around. It is so refreshing to see someone use this platform to spread genuine kindness and uplift others instead of engaging in endless negativity and discourse. Bless you for this.",-0.40,0.95
"Your understanding of constitutional law is shockingly poor for someone so incredibly arrogant. The Supreme Court has repeatedly affirmed this specific doctrine, and citing an out-of-context quote from a founding father's personal diary does not supersede two centuries of established legal precedent.",0.85,-0.65
"I'm so exhausted by the performative activism on this app. Posting a black square or a hashtag does absolutely nothing to dismantle systemic oppression; it just serves to soothe your own white guilt without requiring you to do any actual, material work or sacrifice any of your privilege.",-0.70,-0.75
"This novel is a brilliant deconstruction of the sci-fi genre. Instead of focusing on space battles and advanced technology, it zeroes in on the sociological, linguistic, and deeply human implications of first contact. It's a slow burn, but the philosophical payoff is absolutely immense.",0.80,0.90
"The absolute audacity of this landlord to raise the rent by 40% while refusing to fix the black mold and the broken heating system. They are literal parasites extracting wealth from the working class while providing a substandard, borderline uninhabitable product. It should be illegal.",-0.85,-0.90
"The statistical probability of finding a localized cluster of this specific disease without an underlying environmental catalyst is virtually zero. We must immediately launch a comprehensive epidemiological investigation into the local groundwater supply and industrial runoff in the surrounding area.",0.90,-0.40
"My entire worldview has been irreparably damaged by this. I can never unsee what I just watched, and I am genuinely questioning the fundamental morality of the human race. We are a plague, a cruel and violent species that does nothing but destroy everything beautiful in this world.",-0.95,-0.95
"I want to sincerely apologize for my previous comments. I was ignorant, operating on bad information, and I let my emotions dictate my response. After reading the resources you provided and taking time to reflect, I realize I was completely wrong. Thank you for holding me accountable.",0.50,0.60
"The pedagogical approach used in this educational framework is entirely outdated. Rote memorization and standardized testing completely fail to foster critical thinking, creativity, and problem-solving skills, ultimately preparing students for an industrial economy that no longer exists.",0.75,-0.65
"The sheer artistry of this choreography is breathtaking. The way the dancers embody the swelling dynamics of the music, transitioning seamlessly from explosive power to delicate vulnerability, makes it impossible to look away. It transcends movement and becomes pure poetry.",-0.30,0.95
"This is nothing but a thinly veiled attempt to push a deeply regressive political agenda under the guise of 'protecting the children.' It is a manufactured moral panic designed to distract the populace from massive wealth inequality and systemic political corruption.",0.60,-0.85
"I am begging you, please do not spread this medical misinformation. Suggesting that essential oils and a positive mindset can cure an aggressive autoimmune disease is not just ignorant, it is incredibly dangerous and could literally result in someone abandoning life-saving treatments.",-0.80,-0.85
"The integration of sustainable agricultural practices highlighted in this documentary is truly inspiring. By moving away from monoculture and embracing regenerative farming, we can not only secure global food supply chains but actually reverse soil degradation and carbon emissions.",0.80,0.90
"The pacing in this game is completely atrocious. You spend eighty percent of your time doing meaningless fetch quests and grinding for resources just to unlock the next heavily gated story mission. It feels less like a video game and more like a poorly designed second job.",-0.65,-0.75
"While I align with your underlying philosophical premise, the pragmatic execution of your proposed policy would be disastrous. We cannot ignore the friction of bureaucracy and human error; any robust system must be designed to withstand malicious actors, not just ideal participants.",0.85,-0.20
"This is the purest, most wonderful thing I have ever witnessed. Seeing the pure joy and disbelief on that child's face when they finally got their hearing aids turned on... it is a beautiful reminder of the miracles of modern science and human compassion.",-0.50,0.95
"You people are a cult. You literally blindly follow whatever this grifter says, ignore all objective reality, and attack anyone who dares to present you with actual facts. It is terrifying how easily you have all been brainwashed into giving up your critical thinking skills.",-0.85,-0.90
"The macroeconomic indicators suggest a mild recession is imminent, but it is unlikely to mirror the systemic collapse of 2008. The banking sector remains heavily capitalized, and household debt ratios, while elevated, are structurally sounder. A defensive investment posture is advised.",0.95,0.10
"The emotional labor expected of eldest daughters in traditional households is staggering and rarely acknowledged. We are expected to be the built-in therapist, the second mother, and the peacekeeper, completely sacrificing our own childhoods to manage the dysregulation of the adults around us.",0.65,-0.75
"Absolute cinema. This director just completely redefined the horror genre. No cheap jump scares, no overused tropes, just pure, suffocating, psychological dread built through masterful camera work and an intensely suffocating sound design. A flawless 10/10.",-0.40,0.95
"The hypocrisy of these corporations is nauseating. They paint their logos rainbow for one month to sell merchandise to the LGBTQ+ community, while simultaneously donating millions of dollars to politicians who are actively trying to strip away our basic human rights.",-0.75,-0.85
"I highly recommend this book to anyone struggling to understand quantum mechanics. The author entirely avoids dense mathematics, relying instead on brilliant, intuitive analogies that make concepts like superposition and entanglement accessible to the layperson without dumbing them down.",0.80,0.90
"This is why nobody takes your movement seriously. You resort to screaming, throwing tantrums, and blocking traffic instead of organizing and presenting a coherent legislative strategy. You are alienating the exact moderate voters you need to actually pass the policies you want.",-0.60,-0.70
"My entire life has been a series of failures and disappointments, and reading posts like this just reminds me of how hopelessly broken I am. Nothing I do ever matters, the world is fundamentally cruel, and I genuinely see absolutely no point in trying anymore.",-0.90,-0.95
"The structural integrity of this bridge design relies heavily on outdated material tension models. Given the recent increase in localized seismic activity and extreme weather events, failing to retrofit the suspension cables is a catastrophic failure in urban civil engineering.",0.90,-0.60
"You are so strong, so brave, and so incredibly resilient. To walk away from an abusive situation takes a level of courage that most people will never understand. You survived, you are safe now, and an entire beautiful, peaceful life is waiting for you out here.",-0.40,0.95
"The monetization strategy in this application is entirely predatory. Implementing dark patterns to trick elderly users into recurring premium subscriptions they do not need and cannot easily cancel is a gross violation of consumer trust and basic ethical business practices.",0.70,-0.85
"From a purely utilitarian perspective, the allocation of these funds is entirely inefficient. Subsidizing a failing, legacy industry to protect a fraction of the workforce ultimately harms the broader economy by preventing capital from flowing into innovative, high-growth sectors.",0.85,-0.30
"This is the most incredible community I have ever been a part of. The lack of toxicity, the constant sharing of knowledge, and the genuine desire to see each other succeed is so rare on the internet today. Thank you to the mods and every user for building this safe haven.",-0.30,0.95
"Literally the worst take I have ever seen on this app. You have zero reading comprehension, zero media literacy, and the fact that you thought you 'cooked' with this embarrassing word salad proves you are chronically online. Delete your account and touch grass.",-0.95,-0.90
